<?xml version="1.0"?>
<Locations >
  <Project>
    <vfs_file>C:\Users\quent\Documents\N7\1A\S5\Pim\projet\livrables\projet.gpr</vfs_file>
    <file_marker column=" 11" line=" 4" >
      <vfs_project>C:\Users\quent\Documents\N7\1A\S5\Pim\projet\livrables\projet.gpr</vfs_project>
      <vfs_file>C:\Users\quent\Documents\N7\1A\S5\Pim\projet\livrables\test_arbre_binaire.adb</vfs_file>
    </file_marker>
    <file_marker column=" 1" line=" 17" >
      <vfs_project>C:\Users\quent\Documents\N7\1A\S5\Pim\projet\livrables\projet.gpr</vfs_project>
      <vfs_file>C:\Users\quent\Documents\N7\1A\S5\Pim\projet\livrables\arbre_binaire.ads</vfs_file>
    </file_marker>
    <file_marker column=" 21" line=" 87" >
      <vfs_project>C:\Users\quent\Documents\N7\1A\S5\Pim\projet\livrables\projet.gpr</vfs_project>
      <vfs_file>C:\Users\quent\Documents\N7\1A\S5\Pim\projet\livrables\arbre_binaire.adb</vfs_file>
    </file_marker>
    <file_marker column=" 1" line=" 1" >
      <vfs_project>C:\Users\quent\Documents\N7\1A\S5\Pim\projet\livrables\projet.gpr</vfs_project>
      <vfs_file>C:\Users\quent\Documents\N7\1A\S5\Pim\projet\livrables\table_de_hachage.adb</vfs_file>
    </file_marker>
    <file_marker column=" 1" line=" 1" >
      <vfs_project>C:\Users\quent\Documents\N7\1A\S5\Pim\projet\livrables\projet.gpr</vfs_project>
      <vfs_file>C:\Users\quent\Documents\N7\1A\S5\Pim\projet\livrables\table_de_hachage.ads</vfs_file>
    </file_marker>
    <file_marker column=" 9" line=" 5" >
      <vfs_project>C:\Users\quent\Documents\N7\1A\S5\Pim\projet\livrables\projet.gpr</vfs_project>
      <vfs_file>C:\Users\quent\Documents\N7\1A\S5\Pim\projet\livrables\test_registre.adb</vfs_file>
    </file_marker>
    <file_marker column=" 27" line=" 43" >
      <vfs_project>C:\Users\quent\Documents\N7\1A\S5\Pim\projet\livrables\projet.gpr</vfs_project>
      <vfs_file>C:\Users\quent\Documents\N7\1A\S5\Pim\projet\livrables\registre.ads</vfs_file>
    </file_marker>
    <file_marker column=" 22" line=" 21" >
      <vfs_project>C:\Users\quent\Documents\N7\1A\S5\Pim\projet\livrables\projet.gpr</vfs_project>
      <vfs_file>C:\Users\quent\Documents\N7\1A\S5\Pim\projet\livrables\arbre_binaire.adb</vfs_file>
    </file_marker>
    <file_marker column=" 1" line=" 1" >
      <vfs_project />
      <vfs_file>C:\Users\quent\Documents\N7\1A\S5\Pim\tp\tp8\abr.adb</vfs_file>
    </file_marker>
    <file_marker column=" 1" line=" 1" >
      <vfs_project />
      <vfs_file>C:\Users\quent\Documents\N7\1A\S5\Pim\tp\tp8\abr.ads</vfs_file>
    </file_marker>
    <file_marker column=" 1" line=" 285" >
      <vfs_project>C:\Users\quent\Documents\N7\1A\S5\Pim\projet\livrables\projet.gpr</vfs_project>
      <vfs_file>C:\Users\quent\Documents\N7\1A\S5\Pim\projet\livrables\arbre_binaire.adb</vfs_file>
    </file_marker>
    <file_marker column=" 1" line=" 23" >
      <vfs_project>C:\Users\quent\Documents\N7\1A\S5\Pim\projet\livrables\projet.gpr</vfs_project>
      <vfs_file>C:\Users\quent\Documents\N7\1A\S5\Pim\projet\livrables\arbre_binaire.adb</vfs_file>
    </file_marker>
    <file_marker column=" 1" line=" 294" >
      <vfs_project>C:\Users\quent\Documents\N7\1A\S5\Pim\projet\livrables\projet.gpr</vfs_project>
      <vfs_file>C:\Users\quent\Documents\N7\1A\S5\Pim\projet\livrables\arbre_binaire.adb</vfs_file>
    </file_marker>
    <file_marker column=" 42" line=" 286" >
      <vfs_project>C:\Users\quent\Documents\N7\1A\S5\Pim\projet\livrables\projet.gpr</vfs_project>
      <vfs_file>C:\Users\quent\Documents\N7\1A\S5\Pim\projet\livrables\arbre_binaire.adb</vfs_file>
    </file_marker>
    <file_marker column=" 1" line=" 290" >
      <vfs_project>C:\Users\quent\Documents\N7\1A\S5\Pim\projet\livrables\projet.gpr</vfs_project>
      <vfs_file>C:\Users\quent\Documents\N7\1A\S5\Pim\projet\livrables\arbre_binaire.adb</vfs_file>
    </file_marker>
    <file_marker column=" 65" line=" 8" >
      <vfs_project>C:\Users\quent\Documents\N7\1A\S5\Pim\projet\livrables\projet.gpr</vfs_project>
      <vfs_file>C:\Users\quent\Documents\N7\1A\S5\Pim\projet\livrables\arbre_binaire.adb</vfs_file>
    </file_marker>
    <file_marker column=" 7" line=" 12" >
      <vfs_project>C:\Users\quent\Documents\N7\1A\S5\Pim\projet\livrables\projet.gpr</vfs_project>
      <vfs_file>C:\Users\quent\Documents\N7\1A\S5\Pim\projet\livrables\arbre_binaire.adb</vfs_file>
    </file_marker>
    <file_marker column=" 21" line=" 87" >
      <vfs_project>C:\Users\quent\Documents\N7\1A\S5\Pim\projet\livrables\projet.gpr</vfs_project>
      <vfs_file>C:\Users\quent\Documents\N7\1A\S5\Pim\projet\livrables\arbre_binaire.adb</vfs_file>
    </file_marker>
    <file_marker column=" 10" line=" 89" >
      <vfs_project>C:\Users\quent\Documents\N7\1A\S5\Pim\projet\livrables\projet.gpr</vfs_project>
      <vfs_file>C:\Users\quent\Documents\N7\1A\S5\Pim\projet\livrables\arbre_binaire.adb</vfs_file>
    </file_marker>
    <file_marker column=" 21" line=" 96" >
      <vfs_project>C:\Users\quent\Documents\N7\1A\S5\Pim\projet\livrables\projet.gpr</vfs_project>
      <vfs_file>C:\Users\quent\Documents\N7\1A\S5\Pim\projet\livrables\arbre_binaire.adb</vfs_file>
    </file_marker>
    <file_marker column=" 7" line=" 35" >
      <vfs_project>C:\Users\quent\Documents\N7\1A\S5\Pim\projet\livrables\projet.gpr</vfs_project>
      <vfs_file>C:\Users\quent\Documents\N7\1A\S5\Pim\projet\livrables\arbre_binaire.adb</vfs_file>
    </file_marker>
    <file_marker column=" 1" line=" 1" >
      <vfs_project />
      <vfs_file>C:\Users\quent\Documents\N7\1A\S5\Pim\tp\pr1\multiplications.adb</vfs_file>
    </file_marker>
    <file_marker column=" 16" line=" 62" >
      <vfs_project>C:\Users\quent\Documents\N7\1A\S5\Pim\projet\livrables\projet.gpr</vfs_project>
      <vfs_file>C:\Users\quent\Documents\N7\1A\S5\Pim\projet\livrables\arbre_binaire.adb</vfs_file>
    </file_marker>
    <file_marker column=" 28" line=" 29" >
      <vfs_project>C:\Users\quent\Documents\N7\1A\S5\Pim\projet\livrables\projet.gpr</vfs_project>
      <vfs_file>C:\Users\quent\Documents\N7\1A\S5\Pim\projet\livrables\arbre_binaire.adb</vfs_file>
    </file_marker>
    <file_marker column=" 32" line=" 29" >
      <vfs_project>C:\Users\quent\Documents\N7\1A\S5\Pim\projet\livrables\projet.gpr</vfs_project>
      <vfs_file>C:\Users\quent\Documents\N7\1A\S5\Pim\projet\livrables\arbre_binaire.adb</vfs_file>
    </file_marker>
    <file_marker column=" 22" line=" 38" >
      <vfs_project>C:\Users\quent\Documents\N7\1A\S5\Pim\projet\livrables\projet.gpr</vfs_project>
      <vfs_file>C:\Users\quent\Documents\N7\1A\S5\Pim\projet\livrables\arbre_binaire.adb</vfs_file>
    </file_marker>
    <file_marker column=" 48" line=" 57" >
      <vfs_project>C:\Users\quent\Documents\N7\1A\S5\Pim\projet\livrables\projet.gpr</vfs_project>
      <vfs_file>C:\Users\quent\Documents\N7\1A\S5\Pim\projet\livrables\arbre_binaire.adb</vfs_file>
    </file_marker>
    <file_marker column=" 5" line=" 10" >
      <vfs_project>C:\Users\quent\Documents\N7\1A\S5\Pim\projet\livrables\projet.gpr</vfs_project>
      <vfs_file>C:\Users\quent\Documents\N7\1A\S5\Pim\projet\livrables\test_arbre_binaire.adb</vfs_file>
    </file_marker>
    <file_marker column=" 1" line=" 294" >
      <vfs_project>C:\Users\quent\Documents\N7\1A\S5\Pim\projet\livrables\projet.gpr</vfs_project>
      <vfs_file>C:\Users\quent\Documents\N7\1A\S5\Pim\projet\livrables\arbre_binaire.adb</vfs_file>
    </file_marker>
    <file_marker column=" 1" line=" 78" >
      <vfs_project>C:\Users\quent\Documents\N7\1A\S5\Pim\projet\livrables\projet.gpr</vfs_project>
      <vfs_file>C:\Users\quent\Documents\N7\1A\S5\Pim\projet\livrables\arbre_binaire.adb</vfs_file>
    </file_marker>
    <file_marker column=" 1" line=" 294" >
      <vfs_project>C:\Users\quent\Documents\N7\1A\S5\Pim\projet\livrables\projet.gpr</vfs_project>
      <vfs_file>C:\Users\quent\Documents\N7\1A\S5\Pim\projet\livrables\arbre_binaire.adb</vfs_file>
    </file_marker>
    <file_marker column=" 5" line=" 10" >
      <vfs_project>C:\Users\quent\Documents\N7\1A\S5\Pim\projet\livrables\projet.gpr</vfs_project>
      <vfs_file>C:\Users\quent\Documents\N7\1A\S5\Pim\projet\livrables\test_arbre_binaire.adb</vfs_file>
    </file_marker>
    <file_marker column=" 28" line=" 29" >
      <vfs_project>C:\Users\quent\Documents\N7\1A\S5\Pim\projet\livrables\projet.gpr</vfs_project>
      <vfs_file>C:\Users\quent\Documents\N7\1A\S5\Pim\projet\livrables\arbre_binaire.adb</vfs_file>
    </file_marker>
    <file_marker column=" 16" line=" 40" >
      <vfs_project>C:\Users\quent\Documents\N7\1A\S5\Pim\projet\livrables\projet.gpr</vfs_project>
      <vfs_file>C:\Users\quent\Documents\N7\1A\S5\Pim\projet\livrables\arbre_binaire.adb</vfs_file>
    </file_marker>
    <file_marker column=" 45" line=" 26" >
      <vfs_project>C:\Users\quent\Documents\N7\1A\S5\Pim\projet\livrables\projet.gpr</vfs_project>
      <vfs_file>C:\Users\quent\Documents\N7\1A\S5\Pim\projet\livrables\arbre_binaire.adb</vfs_file>
    </file_marker>
    <file_marker column=" 5" line=" 10" >
      <vfs_project>C:\Users\quent\Documents\N7\1A\S5\Pim\projet\livrables\projet.gpr</vfs_project>
      <vfs_file>C:\Users\quent\Documents\N7\1A\S5\Pim\projet\livrables\test_arbre_binaire.adb</vfs_file>
    </file_marker>
    <file_marker column=" 36" line=" 31" >
      <vfs_project>C:\Users\quent\Documents\N7\1A\S5\Pim\projet\livrables\projet.gpr</vfs_project>
      <vfs_file>C:\Users\quent\Documents\N7\1A\S5\Pim\projet\livrables\arbre_binaire.adb</vfs_file>
    </file_marker>
    <file_marker column=" 21" line=" 96" >
      <vfs_project>C:\Users\quent\Documents\N7\1A\S5\Pim\projet\livrables\projet.gpr</vfs_project>
      <vfs_file>C:\Users\quent\Documents\N7\1A\S5\Pim\projet\livrables\arbre_binaire.adb</vfs_file>
    </file_marker>
    <file_marker column=" 14" line=" 102" >
      <vfs_project>C:\Users\quent\Documents\N7\1A\S5\Pim\projet\livrables\projet.gpr</vfs_project>
      <vfs_file>C:\Users\quent\Documents\N7\1A\S5\Pim\projet\livrables\arbre_binaire.adb</vfs_file>
    </file_marker>
    <file_marker column=" 1" line=" 97" >
      <vfs_project>C:\Users\quent\Documents\N7\1A\S5\Pim\projet\livrables\projet.gpr</vfs_project>
      <vfs_file>C:\Users\quent\Documents\N7\1A\S5\Pim\projet\livrables\arbre_binaire.adb</vfs_file>
    </file_marker>
    <file_marker column=" 41" line=" 167" >
      <vfs_project>C:\Users\quent\Documents\N7\1A\S5\Pim\projet\livrables\projet.gpr</vfs_project>
      <vfs_file>C:\Users\quent\Documents\N7\1A\S5\Pim\projet\livrables\arbre_binaire.adb</vfs_file>
    </file_marker>
    <file_marker column=" 1" line=" 97" >
      <vfs_project>C:\Users\quent\Documents\N7\1A\S5\Pim\projet\livrables\projet.gpr</vfs_project>
      <vfs_file>C:\Users\quent\Documents\N7\1A\S5\Pim\projet\livrables\arbre_binaire.adb</vfs_file>
    </file_marker>
    <file_marker column=" 1" line=" 241" >
      <vfs_project>C:\Users\quent\Documents\N7\1A\S5\Pim\projet\livrables\projet.gpr</vfs_project>
      <vfs_file>C:\Users\quent\Documents\N7\1A\S5\Pim\projet\livrables\arbre_binaire.adb</vfs_file>
    </file_marker>
    <file_marker column=" 41" line=" 2" >
      <vfs_project>C:\Users\quent\Documents\N7\1A\S5\Pim\projet\livrables\projet.gpr</vfs_project>
      <vfs_file>C:\Users\quent\Documents\N7\1A\S5\Pim\projet\livrables\arbre_binaire.adb</vfs_file>
    </file_marker>
    <file_marker column=" 1" line=" 97" >
      <vfs_project>C:\Users\quent\Documents\N7\1A\S5\Pim\projet\livrables\projet.gpr</vfs_project>
      <vfs_file>C:\Users\quent\Documents\N7\1A\S5\Pim\projet\livrables\arbre_binaire.adb</vfs_file>
    </file_marker>
    <file_marker column=" 1" line=" 182" >
      <vfs_project>C:\Users\quent\Documents\N7\1A\S5\Pim\projet\livrables\projet.gpr</vfs_project>
      <vfs_file>C:\Users\quent\Documents\N7\1A\S5\Pim\projet\livrables\arbre_binaire.adb</vfs_file>
    </file_marker>
    <file_marker column=" 1" line=" 97" >
      <vfs_project>C:\Users\quent\Documents\N7\1A\S5\Pim\projet\livrables\projet.gpr</vfs_project>
      <vfs_file>C:\Users\quent\Documents\N7\1A\S5\Pim\projet\livrables\arbre_binaire.adb</vfs_file>
    </file_marker>
    <file_marker column=" 1" line=" 182" >
      <vfs_project>C:\Users\quent\Documents\N7\1A\S5\Pim\projet\livrables\projet.gpr</vfs_project>
      <vfs_file>C:\Users\quent\Documents\N7\1A\S5\Pim\projet\livrables\arbre_binaire.adb</vfs_file>
    </file_marker>
    <file_marker column=" 9" line=" 2" >
      <vfs_project>C:\Users\quent\Documents\N7\1A\S5\Pim\projet\livrables\projet.gpr</vfs_project>
      <vfs_file>C:\Users\quent\Documents\N7\1A\S5\Pim\projet\livrables\arbre_binaire.adb</vfs_file>
    </file_marker>
    <file_marker column=" 1" line=" 210" >
      <vfs_project>C:\Users\quent\Documents\N7\1A\S5\Pim\projet\livrables\projet.gpr</vfs_project>
      <vfs_file>C:\Users\quent\Documents\N7\1A\S5\Pim\projet\livrables\arbre_binaire.adb</vfs_file>
    </file_marker>
    <file_marker column=" 1" line=" 97" >
      <vfs_project>C:\Users\quent\Documents\N7\1A\S5\Pim\projet\livrables\projet.gpr</vfs_project>
      <vfs_file>C:\Users\quent\Documents\N7\1A\S5\Pim\projet\livrables\arbre_binaire.adb</vfs_file>
    </file_marker>
    <file_marker column=" 1" line=" 195" >
      <vfs_project>C:\Users\quent\Documents\N7\1A\S5\Pim\projet\livrables\projet.gpr</vfs_project>
      <vfs_file>C:\Users\quent\Documents\N7\1A\S5\Pim\projet\livrables\arbre_binaire.adb</vfs_file>
    </file_marker>
    <file_marker column=" 1" line=" 97" >
      <vfs_project>C:\Users\quent\Documents\N7\1A\S5\Pim\projet\livrables\projet.gpr</vfs_project>
      <vfs_file>C:\Users\quent\Documents\N7\1A\S5\Pim\projet\livrables\arbre_binaire.adb</vfs_file>
    </file_marker>
    <file_marker column=" 1" line=" 202" >
      <vfs_project>C:\Users\quent\Documents\N7\1A\S5\Pim\projet\livrables\projet.gpr</vfs_project>
      <vfs_file>C:\Users\quent\Documents\N7\1A\S5\Pim\projet\livrables\arbre_binaire.adb</vfs_file>
    </file_marker>
    <file_marker column=" 1" line=" 97" >
      <vfs_project>C:\Users\quent\Documents\N7\1A\S5\Pim\projet\livrables\projet.gpr</vfs_project>
      <vfs_file>C:\Users\quent\Documents\N7\1A\S5\Pim\projet\livrables\arbre_binaire.adb</vfs_file>
    </file_marker>
    <file_marker column=" 63" line=" 198" >
      <vfs_project>C:\Users\quent\Documents\N7\1A\S5\Pim\projet\livrables\projet.gpr</vfs_project>
      <vfs_file>C:\Users\quent\Documents\N7\1A\S5\Pim\projet\livrables\arbre_binaire.adb</vfs_file>
    </file_marker>
    <file_marker column=" 1" line=" 97" >
      <vfs_project>C:\Users\quent\Documents\N7\1A\S5\Pim\projet\livrables\projet.gpr</vfs_project>
      <vfs_file>C:\Users\quent\Documents\N7\1A\S5\Pim\projet\livrables\arbre_binaire.adb</vfs_file>
    </file_marker>
    <file_marker column=" 45" line=" 197" >
      <vfs_project>C:\Users\quent\Documents\N7\1A\S5\Pim\projet\livrables\projet.gpr</vfs_project>
      <vfs_file>C:\Users\quent\Documents\N7\1A\S5\Pim\projet\livrables\arbre_binaire.adb</vfs_file>
    </file_marker>
    <file_marker column=" 1" line=" 97" >
      <vfs_project>C:\Users\quent\Documents\N7\1A\S5\Pim\projet\livrables\projet.gpr</vfs_project>
      <vfs_file>C:\Users\quent\Documents\N7\1A\S5\Pim\projet\livrables\arbre_binaire.adb</vfs_file>
    </file_marker>
    <file_marker column=" 1" line=" 195" >
      <vfs_project>C:\Users\quent\Documents\N7\1A\S5\Pim\projet\livrables\projet.gpr</vfs_project>
      <vfs_file>C:\Users\quent\Documents\N7\1A\S5\Pim\projet\livrables\arbre_binaire.adb</vfs_file>
    </file_marker>
    <file_marker column=" 1" line=" 97" >
      <vfs_project>C:\Users\quent\Documents\N7\1A\S5\Pim\projet\livrables\projet.gpr</vfs_project>
      <vfs_file>C:\Users\quent\Documents\N7\1A\S5\Pim\projet\livrables\arbre_binaire.adb</vfs_file>
    </file_marker>
    <file_marker column=" 13" line=" 197" >
      <vfs_project>C:\Users\quent\Documents\N7\1A\S5\Pim\projet\livrables\projet.gpr</vfs_project>
      <vfs_file>C:\Users\quent\Documents\N7\1A\S5\Pim\projet\livrables\arbre_binaire.adb</vfs_file>
    </file_marker>
    <file_marker column=" 1" line=" 97" >
      <vfs_project>C:\Users\quent\Documents\N7\1A\S5\Pim\projet\livrables\projet.gpr</vfs_project>
      <vfs_file>C:\Users\quent\Documents\N7\1A\S5\Pim\projet\livrables\arbre_binaire.adb</vfs_file>
    </file_marker>
    <file_marker column=" 11" line=" 91" >
      <vfs_project>C:\Users\quent\Documents\N7\1A\S5\Pim\projet\livrables\projet.gpr</vfs_project>
      <vfs_file>C:\Users\quent\Documents\N7\1A\S5\Pim\projet\livrables\arbre_binaire.adb</vfs_file>
    </file_marker>
    <file_marker column=" 1" line=" 97" >
      <vfs_project>C:\Users\quent\Documents\N7\1A\S5\Pim\projet\livrables\projet.gpr</vfs_project>
      <vfs_file>C:\Users\quent\Documents\N7\1A\S5\Pim\projet\livrables\arbre_binaire.adb</vfs_file>
    </file_marker>
    <file_marker column=" 63" line=" 199" >
      <vfs_project>C:\Users\quent\Documents\N7\1A\S5\Pim\projet\livrables\projet.gpr</vfs_project>
      <vfs_file>C:\Users\quent\Documents\N7\1A\S5\Pim\projet\livrables\arbre_binaire.adb</vfs_file>
    </file_marker>
    <file_marker column=" 1" line=" 97" >
      <vfs_project>C:\Users\quent\Documents\N7\1A\S5\Pim\projet\livrables\projet.gpr</vfs_project>
      <vfs_file>C:\Users\quent\Documents\N7\1A\S5\Pim\projet\livrables\arbre_binaire.adb</vfs_file>
    </file_marker>
    <file_marker column=" 28" line=" 89" >
      <vfs_project>C:\Users\quent\Documents\N7\1A\S5\Pim\projet\livrables\projet.gpr</vfs_project>
      <vfs_file>C:\Users\quent\Documents\N7\1A\S5\Pim\projet\livrables\arbre_binaire.adb</vfs_file>
    </file_marker>
    <file_marker column=" 1" line=" 97" >
      <vfs_project>C:\Users\quent\Documents\N7\1A\S5\Pim\projet\livrables\projet.gpr</vfs_project>
      <vfs_file>C:\Users\quent\Documents\N7\1A\S5\Pim\projet\livrables\arbre_binaire.adb</vfs_file>
    </file_marker>
    <file_marker column=" 12" line=" 259" >
      <vfs_project>C:\Users\quent\Documents\N7\1A\S5\Pim\projet\livrables\projet.gpr</vfs_project>
      <vfs_file>C:\Users\quent\Documents\N7\1A\S5\Pim\projet\livrables\arbre_binaire.adb</vfs_file>
    </file_marker>
    <file_marker column=" 1" line=" 97" >
      <vfs_project>C:\Users\quent\Documents\N7\1A\S5\Pim\projet\livrables\projet.gpr</vfs_project>
      <vfs_file>C:\Users\quent\Documents\N7\1A\S5\Pim\projet\livrables\arbre_binaire.adb</vfs_file>
    </file_marker>
    <file_marker column=" 30" line=" 258" >
      <vfs_project>C:\Users\quent\Documents\N7\1A\S5\Pim\projet\livrables\projet.gpr</vfs_project>
      <vfs_file>C:\Users\quent\Documents\N7\1A\S5\Pim\projet\livrables\arbre_binaire.adb</vfs_file>
    </file_marker>
    <file_marker column=" 1" line=" 97" >
      <vfs_project>C:\Users\quent\Documents\N7\1A\S5\Pim\projet\livrables\projet.gpr</vfs_project>
      <vfs_file>C:\Users\quent\Documents\N7\1A\S5\Pim\projet\livrables\arbre_binaire.adb</vfs_file>
    </file_marker>
    <file_marker column=" 39" line=" 257" >
      <vfs_project>C:\Users\quent\Documents\N7\1A\S5\Pim\projet\livrables\projet.gpr</vfs_project>
      <vfs_file>C:\Users\quent\Documents\N7\1A\S5\Pim\projet\livrables\arbre_binaire.adb</vfs_file>
    </file_marker>
    <file_marker column=" 1" line=" 97" >
      <vfs_project>C:\Users\quent\Documents\N7\1A\S5\Pim\projet\livrables\projet.gpr</vfs_project>
      <vfs_file>C:\Users\quent\Documents\N7\1A\S5\Pim\projet\livrables\arbre_binaire.adb</vfs_file>
    </file_marker>
    <file_marker column=" 1" line=" 294" >
      <vfs_project>C:\Users\quent\Documents\N7\1A\S5\Pim\projet\livrables\projet.gpr</vfs_project>
      <vfs_file>C:\Users\quent\Documents\N7\1A\S5\Pim\projet\livrables\arbre_binaire.adb</vfs_file>
    </file_marker>
    <file_marker column=" 1" line=" 97" >
      <vfs_project>C:\Users\quent\Documents\N7\1A\S5\Pim\projet\livrables\projet.gpr</vfs_project>
      <vfs_file>C:\Users\quent\Documents\N7\1A\S5\Pim\projet\livrables\arbre_binaire.adb</vfs_file>
    </file_marker>
    <file_marker column=" 27" line=" 258" >
      <vfs_project>C:\Users\quent\Documents\N7\1A\S5\Pim\projet\livrables\projet.gpr</vfs_project>
      <vfs_file>C:\Users\quent\Documents\N7\1A\S5\Pim\projet\livrables\arbre_binaire.adb</vfs_file>
    </file_marker>
    <file_marker column=" 1" line=" 97" >
      <vfs_project>C:\Users\quent\Documents\N7\1A\S5\Pim\projet\livrables\projet.gpr</vfs_project>
      <vfs_file>C:\Users\quent\Documents\N7\1A\S5\Pim\projet\livrables\arbre_binaire.adb</vfs_file>
    </file_marker>
    <file_marker column=" 1" line=" 213" >
      <vfs_project>C:\Users\quent\Documents\N7\1A\S5\Pim\projet\livrables\projet.gpr</vfs_project>
      <vfs_file>C:\Users\quent\Documents\N7\1A\S5\Pim\projet\livrables\arbre_binaire.adb</vfs_file>
    </file_marker>
    <file_marker column=" 1" line=" 97" >
      <vfs_project>C:\Users\quent\Documents\N7\1A\S5\Pim\projet\livrables\projet.gpr</vfs_project>
      <vfs_file>C:\Users\quent\Documents\N7\1A\S5\Pim\projet\livrables\arbre_binaire.adb</vfs_file>
    </file_marker>
    <file_marker column=" 1" line=" 229" >
      <vfs_project>C:\Users\quent\Documents\N7\1A\S5\Pim\projet\livrables\projet.gpr</vfs_project>
      <vfs_file>C:\Users\quent\Documents\N7\1A\S5\Pim\projet\livrables\arbre_binaire.adb</vfs_file>
    </file_marker>
    <file_marker column=" 1" line=" 97" >
      <vfs_project>C:\Users\quent\Documents\N7\1A\S5\Pim\projet\livrables\projet.gpr</vfs_project>
      <vfs_file>C:\Users\quent\Documents\N7\1A\S5\Pim\projet\livrables\arbre_binaire.adb</vfs_file>
    </file_marker>
    <file_marker column=" 28" line=" 244" >
      <vfs_project>C:\Users\quent\Documents\N7\1A\S5\Pim\projet\livrables\projet.gpr</vfs_project>
      <vfs_file>C:\Users\quent\Documents\N7\1A\S5\Pim\projet\livrables\arbre_binaire.adb</vfs_file>
    </file_marker>
    <file_marker column=" 1" line=" 97" >
      <vfs_project>C:\Users\quent\Documents\N7\1A\S5\Pim\projet\livrables\projet.gpr</vfs_project>
      <vfs_file>C:\Users\quent\Documents\N7\1A\S5\Pim\projet\livrables\arbre_binaire.adb</vfs_file>
    </file_marker>
    <file_marker column=" 1" line=" 241" >
      <vfs_project>C:\Users\quent\Documents\N7\1A\S5\Pim\projet\livrables\projet.gpr</vfs_project>
      <vfs_file>C:\Users\quent\Documents\N7\1A\S5\Pim\projet\livrables\arbre_binaire.adb</vfs_file>
    </file_marker>
    <file_marker column=" 1" line=" 97" >
      <vfs_project>C:\Users\quent\Documents\N7\1A\S5\Pim\projet\livrables\projet.gpr</vfs_project>
      <vfs_file>C:\Users\quent\Documents\N7\1A\S5\Pim\projet\livrables\arbre_binaire.adb</vfs_file>
    </file_marker>
    <file_marker column=" 11" line=" 70" >
      <vfs_project>C:\Users\quent\Documents\N7\1A\S5\Pim\projet\livrables\projet.gpr</vfs_project>
      <vfs_file>C:\Users\quent\Documents\N7\1A\S5\Pim\projet\livrables\arbre_binaire.adb</vfs_file>
    </file_marker>
    <file_marker column=" 1" line=" 97" >
      <vfs_project>C:\Users\quent\Documents\N7\1A\S5\Pim\projet\livrables\projet.gpr</vfs_project>
      <vfs_file>C:\Users\quent\Documents\N7\1A\S5\Pim\projet\livrables\arbre_binaire.adb</vfs_file>
    </file_marker>
    <file_marker column=" 1" line=" 294" >
      <vfs_project>C:\Users\quent\Documents\N7\1A\S5\Pim\projet\livrables\projet.gpr</vfs_project>
      <vfs_file>C:\Users\quent\Documents\N7\1A\S5\Pim\projet\livrables\arbre_binaire.adb</vfs_file>
    </file_marker>
    <file_marker column=" 44" line=" 49" >
      <vfs_project>C:\Users\quent\Documents\N7\1A\S5\Pim\projet\livrables\projet.gpr</vfs_project>
      <vfs_file>C:\Users\quent\Documents\N7\1A\S5\Pim\projet\livrables\arbre_binaire.ads</vfs_file>
    </file_marker>
    <file_marker column=" 44" line=" 66" >
      <vfs_project>C:\Users\quent\Documents\N7\1A\S5\Pim\projet\livrables\projet.gpr</vfs_project>
      <vfs_file>C:\Users\quent\Documents\N7\1A\S5\Pim\projet\livrables\arbre_binaire.adb</vfs_file>
    </file_marker>
    <file_marker column=" 1" line=" 193" >
      <vfs_project>C:\Users\quent\Documents\N7\1A\S5\Pim\projet\livrables\projet.gpr</vfs_project>
      <vfs_file>C:\Users\quent\Documents\N7\1A\S5\Pim\projet\livrables\arbre_binaire.adb</vfs_file>
    </file_marker>
    <file_marker column=" 1" line=" 65" >
      <vfs_project>C:\Users\quent\Documents\N7\1A\S5\Pim\projet\livrables\projet.gpr</vfs_project>
      <vfs_file>C:\Users\quent\Documents\N7\1A\S5\Pim\projet\livrables\arbre_binaire.adb</vfs_file>
    </file_marker>
    <file_marker column=" 1" line=" 78" >
      <vfs_project>C:\Users\quent\Documents\N7\1A\S5\Pim\projet\livrables\projet.gpr</vfs_project>
      <vfs_file>C:\Users\quent\Documents\N7\1A\S5\Pim\projet\livrables\arbre_binaire.adb</vfs_file>
    </file_marker>
    <file_marker column=" 1" line=" 294" >
      <vfs_project>C:\Users\quent\Documents\N7\1A\S5\Pim\projet\livrables\projet.gpr</vfs_project>
      <vfs_file>C:\Users\quent\Documents\N7\1A\S5\Pim\projet\livrables\arbre_binaire.adb</vfs_file>
    </file_marker>
    <file_marker column=" 1" line=" 270" >
      <vfs_project>C:\Users\quent\Documents\N7\1A\S5\Pim\projet\livrables\projet.gpr</vfs_project>
      <vfs_file>C:\Users\quent\Documents\N7\1A\S5\Pim\projet\livrables\arbre_binaire.adb</vfs_file>
    </file_marker>
    <file_marker column=" 1" line=" 97" >
      <vfs_project>C:\Users\quent\Documents\N7\1A\S5\Pim\projet\livrables\projet.gpr</vfs_project>
      <vfs_file>C:\Users\quent\Documents\N7\1A\S5\Pim\projet\livrables\arbre_binaire.adb</vfs_file>
    </file_marker>
    <file_marker column=" 9" line=" 71" >
      <vfs_project>C:\Users\quent\Documents\N7\1A\S5\Pim\projet\livrables\projet.gpr</vfs_project>
      <vfs_file>C:\Users\quent\Documents\N7\1A\S5\Pim\projet\livrables\arbre_binaire.adb</vfs_file>
    </file_marker>
    <file_marker column=" 1" line=" 97" >
      <vfs_project>C:\Users\quent\Documents\N7\1A\S5\Pim\projet\livrables\projet.gpr</vfs_project>
      <vfs_file>C:\Users\quent\Documents\N7\1A\S5\Pim\projet\livrables\arbre_binaire.adb</vfs_file>
    </file_marker>
    <file_marker column=" 9" line=" 71" >
      <vfs_project>C:\Users\quent\Documents\N7\1A\S5\Pim\projet\livrables\projet.gpr</vfs_project>
      <vfs_file>C:\Users\quent\Documents\N7\1A\S5\Pim\projet\livrables\arbre_binaire.adb</vfs_file>
    </file_marker>
    <file_marker column=" 1" line=" 97" >
      <vfs_project>C:\Users\quent\Documents\N7\1A\S5\Pim\projet\livrables\projet.gpr</vfs_project>
      <vfs_file>C:\Users\quent\Documents\N7\1A\S5\Pim\projet\livrables\arbre_binaire.adb</vfs_file>
    </file_marker>
    <file_marker column=" 1" line=" 1" >
      <vfs_project />
      <vfs_file>C:\Users\quent\Documents\N7\1A\S5\Pim\tp\tp8\abr.ads</vfs_file>
    </file_marker>
    <file_marker column=" 1" line=" 1" >
      <vfs_project />
      <vfs_file>C:\Users\quent\Documents\N7\1A\S5\Pim\tp\tp6\piles.adb</vfs_file>
    </file_marker>
    <file_marker column=" 15" line=" 74" >
      <vfs_project>C:\Users\quent\Documents\N7\1A\S5\Pim\projet\livrables\projet.gpr</vfs_project>
      <vfs_file>C:\Users\quent\Documents\N7\1A\S5\Pim\projet\livrables\arbre_binaire.adb</vfs_file>
    </file_marker>
    <file_marker column=" 1" line=" 97" >
      <vfs_project>C:\Users\quent\Documents\N7\1A\S5\Pim\projet\livrables\projet.gpr</vfs_project>
      <vfs_file>C:\Users\quent\Documents\N7\1A\S5\Pim\projet\livrables\arbre_binaire.adb</vfs_file>
    </file_marker>
    <file_marker column=" 28" line=" 122" >
      <vfs_project />
      <vfs_file>C:\Users\quent\Documents\N7\1A\S5\Pim\tp\tp8\abr.adb</vfs_file>
    </file_marker>
    <file_marker column=" 1" line=" 1" >
      <vfs_project />
      <vfs_file>C:\Users\quent\Documents\N7\1A\S5\Pim\tp\tp8solution\abr.adb</vfs_file>
    </file_marker>
    <file_marker column=" 15" line=" 74" >
      <vfs_project>C:\Users\quent\Documents\N7\1A\S5\Pim\projet\livrables\projet.gpr</vfs_project>
      <vfs_file>C:\Users\quent\Documents\N7\1A\S5\Pim\projet\livrables\arbre_binaire.adb</vfs_file>
    </file_marker>
    <file_marker column=" 1" line=" 67" >
      <vfs_project>C:\Users\quent\Documents\N7\1A\S5\Pim\projet\livrables\projet.gpr</vfs_project>
      <vfs_file>C:\Users\quent\Documents\N7\1A\S5\Pim\projet\livrables\arbre_binaire.adb</vfs_file>
    </file_marker>
    <file_marker column=" 59" line=" 75" >
      <vfs_project>C:\Users\quent\Documents\N7\1A\S5\Pim\projet\livrables\projet.gpr</vfs_project>
      <vfs_file>C:\Users\quent\Documents\N7\1A\S5\Pim\projet\livrables\arbre_binaire.adb</vfs_file>
    </file_marker>
    <file_marker column=" 1" line=" 67" >
      <vfs_project>C:\Users\quent\Documents\N7\1A\S5\Pim\projet\livrables\projet.gpr</vfs_project>
      <vfs_file>C:\Users\quent\Documents\N7\1A\S5\Pim\projet\livrables\arbre_binaire.adb</vfs_file>
    </file_marker>
    <file_marker column=" 28" line=" 18" >
      <vfs_project>C:\Users\quent\Documents\N7\1A\S5\Pim\projet\livrables\projet.gpr</vfs_project>
      <vfs_file>C:\Users\quent\Documents\N7\1A\S5\Pim\projet\livrables\arbre_binaire.adb</vfs_file>
    </file_marker>
    <file_marker column=" 1" line=" 67" >
      <vfs_project>C:\Users\quent\Documents\N7\1A\S5\Pim\projet\livrables\projet.gpr</vfs_project>
      <vfs_file>C:\Users\quent\Documents\N7\1A\S5\Pim\projet\livrables\arbre_binaire.adb</vfs_file>
    </file_marker>
    <file_marker column=" 65" line=" 208" >
      <vfs_project>C:\Users\quent\Documents\N7\1A\S5\Pim\projet\livrables\projet.gpr</vfs_project>
      <vfs_file>C:\Users\quent\Documents\N7\1A\S5\Pim\projet\livrables\arbre_binaire.adb</vfs_file>
    </file_marker>
    <file_marker column=" 1" line=" 67" >
      <vfs_project>C:\Users\quent\Documents\N7\1A\S5\Pim\projet\livrables\projet.gpr</vfs_project>
      <vfs_file>C:\Users\quent\Documents\N7\1A\S5\Pim\projet\livrables\arbre_binaire.adb</vfs_file>
    </file_marker>
    <file_marker column=" 10" line=" 76" >
      <vfs_project>C:\Users\quent\Documents\N7\1A\S5\Pim\projet\livrables\projet.gpr</vfs_project>
      <vfs_file>C:\Users\quent\Documents\N7\1A\S5\Pim\projet\livrables\arbre_binaire.adb</vfs_file>
    </file_marker>
    <file_marker column=" 1" line=" 67" >
      <vfs_project>C:\Users\quent\Documents\N7\1A\S5\Pim\projet\livrables\projet.gpr</vfs_project>
      <vfs_file>C:\Users\quent\Documents\N7\1A\S5\Pim\projet\livrables\arbre_binaire.adb</vfs_file>
    </file_marker>
    <file_marker column=" 65" line=" 238" >
      <vfs_project>C:\Users\quent\Documents\N7\1A\S5\Pim\projet\livrables\projet.gpr</vfs_project>
      <vfs_file>C:\Users\quent\Documents\N7\1A\S5\Pim\projet\livrables\arbre_binaire.adb</vfs_file>
    </file_marker>
    <file_marker column=" 28" line=" 105" >
      <vfs_project>C:\Users\quent\Documents\N7\1A\S5\Pim\projet\livrables\projet.gpr</vfs_project>
      <vfs_file>C:\Users\quent\Documents\N7\1A\S5\Pim\projet\livrables\arbre_binaire.adb</vfs_file>
    </file_marker>
    <file_marker column=" 39" line=" 257" >
      <vfs_project>C:\Users\quent\Documents\N7\1A\S5\Pim\projet\livrables\projet.gpr</vfs_project>
      <vfs_file>C:\Users\quent\Documents\N7\1A\S5\Pim\projet\livrables\arbre_binaire.adb</vfs_file>
    </file_marker>
    <file_marker column=" 28" line=" 105" >
      <vfs_project>C:\Users\quent\Documents\N7\1A\S5\Pim\projet\livrables\projet.gpr</vfs_project>
      <vfs_file>C:\Users\quent\Documents\N7\1A\S5\Pim\projet\livrables\arbre_binaire.adb</vfs_file>
    </file_marker>
    <file_marker column=" 39" line=" 257" >
      <vfs_project>C:\Users\quent\Documents\N7\1A\S5\Pim\projet\livrables\projet.gpr</vfs_project>
      <vfs_file>C:\Users\quent\Documents\N7\1A\S5\Pim\projet\livrables\arbre_binaire.adb</vfs_file>
    </file_marker>
    <file_marker current="true" column=" 28" line=" 105" >
      <vfs_project>C:\Users\quent\Documents\N7\1A\S5\Pim\projet\livrables\projet.gpr</vfs_project>
      <vfs_file>C:\Users\quent\Documents\N7\1A\S5\Pim\projet\livrables\arbre_binaire.adb</vfs_file>
    </file_marker>
  </Project>
</Locations>
